latitude,longitude,data_inserimento,bicycle_parking,capacity,covered,access,addr:city,addr:street,addr:housenumber,note,precisione,foto,path,url
44.492411,11.364782,2018-02-12T11:14:55.000+01:00,wide_stands,2,no,yes,Bologna,Via Giuseppe Bentivogli,108,Di fronte farmacia sull'altro lato della strada    Alcuni anelli sono rotti Angolo marconi Angolo via marconi,0,15181067980011182135224-17_20_7.jpg,https://ondata.github.io/rastrellierebologna/img/,https://ondata.github.io/rastrellierebologna/img/15181067980011182135224-17_20_7.jpg
44.492288,11.3649,2018-02-12T11:17:11.000+01:00,wide_stands,4,no,yes,Bologna,Via Giuseppe Massarenti,34,3659,0,1518106951003237999352-17_22_38.jpg,https://ondata.github.io/rastrellierebologna/img/,https://ondata.github.io/rastrellierebologna/img/1518106951003237999352-17_22_38.jpg
44.490532,11.372352,2018-02-12T11:19:30.000+01:00,wide_stands,4,no,yes,Bologna,Via Pietro Mengoli,32,Di fronte al civico 6a anello tqgliato,0,IMAG0692-17_33_1.jpg,https://ondata.github.io/rastrellierebologna/img/,https://ondata.github.io/rastrellierebologna/img/IMAG0692-17_33_1.jpg
44.489924,11.371922,2018-02-12T11:20:47.000+01:00,wide_stands,12,no,yes,Bologna,Via Pietro Mengoli,,,0,IMAG0691-17_37_14.jpg,https://ondata.github.io/rastrellierebologna/img/,https://ondata.github.io/rastrellierebologna/img/IMAG0691-17_37_14.jpg
44.495203,11.342094,2018-02-10T11:32:37.000+01:00,bollard,52,no,yes,Bologna,Ugo Bassi,2,,9.102000237,,https://ondata.github.io/rastrellierebologna/img/,https://ondata.github.io/rastrellierebologna/img/
44.500028,11.339013,2018-02-10T11:32:51.000+01:00,stands,2,no,yes,Bologna,Leopardi,1,,8.5,1518258758881-1244206655-11_32_44.jpg,https://ondata.github.io/rastrellierebologna/img/,https://ondata.github.io/rastrellierebologna/img/1518258758881-1244206655-11_32_44.jpg
44.499738,11.338896,2018-02-10T11:31:39.000+01:00,stands,2,no,yes,Bologna,Via Leopardi,,,18.72200012,1518258684474-2124520316-11_31_34.jpg,https://ondata.github.io/rastrellierebologna/img/,https://ondata.github.io/rastrellierebologna/img/1518258684474-2124520316-11_31_34.jpg
44.495122,11.341433,2018-02-10T11:37:07.000+01:00,bollard,40,no,yes,Bologna,,,,13.65299988,,https://ondata.github.io/rastrellierebologna/img/,https://ondata.github.io/rastrellierebologna/img/
44.493799,11.334332,2018-02-10T11:37:38.000+01:00,stands,2,no,yes,Bologna,Via De'Marchi,,Già mappa a come parcheggio bici,19.13699913,,https://ondata.github.io/rastrellierebologna/img/,https://ondata.github.io/rastrellierebologna/img/
44.50088,11.33912,2018-02-10T11:37:05.000+01:00,stands,10,no,yes,Bologna,Marconi,30,,7.5,15182590138581118340724-11_37_0.jpg,https://ondata.github.io/rastrellierebologna/img/,https://ondata.github.io/rastrellierebologna/img/15182590138581118340724-11_37_0.jpg
44.49386,11.332863,2018-02-10T11:41:04.000+01:00,stands,8,no,yes,Bologna,Via Sant'Isaia,88,,19.13599968,,https://ondata.github.io/rastrellierebologna/img/,https://ondata.github.io/rastrellierebologna/img/
44.494295,11.33068,2018-02-10T11:44:51.000+01:00,stands,6,no,yes,Bologna,Via Sant'Isaia,1,,16.84499931,,https://ondata.github.io/rastrellierebologna/img/,https://ondata.github.io/rastrellierebologna/img/
44.50245,11.337593,2018-02-10T11:44:59.000+01:00,stands,12,no,yes,Bologna,Del porto,,Chiude la sera,8.399999619,15182594899082143040402-11_44_55.jpg,https://ondata.github.io/rastrellierebologna/img/,https://ondata.github.io/rastrellierebologna/img/15182594899082143040402-11_44_55.jpg
44.501618,11.339328,2018-02-10T11:42:15.000+01:00,stands,6,no,yes,Bologna,Del porto,,Già mappata su OSM come parcheggio bici,4.800000191,1518259247136597744559-11_42_8.jpg,https://ondata.github.io/rastrellierebologna/img/,https://ondata.github.io/rastrellierebologna/img/1518259247136597744559-11_42_8.jpg
44.502864,11.344039,2018-02-10T11:45:41.000+01:00,wall_loops,30,no,yes,Bologna,Via Galliera,52,,13,1518259508307-207882095-11_45_28.jpg,https://ondata.github.io/rastrellierebologna/img/,https://ondata.github.io/rastrellierebologna/img/1518259508307-207882095-11_45_28.jpg
44.502808,11.336738,2018-02-10T11:46:36.000+01:00,wall_loops,8,no,unknown,Bologna,Del porto,17,,6.900000095,1518259571811198316747-11_46_21.jpg,https://ondata.github.io/rastrellierebologna/img/,https://ondata.github.io/rastrellierebologna/img/1518259571811198316747-11_46_21.jpg
44.486632,11.341883,2018-02-10T11:43:03.000+01:00,wall_loops,6,no,yes,Bologna,Miramonte,17,Rastrelliere Non contigue,8,1518259353000115485279-11_42_58.jpg,https://ondata.github.io/rastrellierebologna/img/,https://ondata.github.io/rastrellierebologna/img/1518259353000115485279-11_42_58.jpg
44.486619,11.342057,2018-02-10T11:40:25.000+01:00,wall_loops,10,no,yes,Bologna,Miramonte,,,6,1518259180169813387109-11_40_7.jpg,https://ondata.github.io/rastrellierebologna/img/,https://ondata.github.io/rastrellierebologna/img/1518259180169813387109-11_40_7.jpg
44.494835,11.34117,2018-02-10T11:49:39.000+01:00,bollard,106,no,costumer,Bologna,Ugo Bassi,,disponibili 6 su 6,12.76799965,,https://ondata.github.io/rastrellierebologna/img/,https://ondata.github.io/rastrellierebologna/img/
44.503153,11.344166,2018-02-10T11:49:53.000+01:00,wall_loops,60,no,yes,Bologna,Via Galliera,31,Già mappata su OSM come parcheggio bici,14,15182597637772097032540-11_49_43.jpg,https://ondata.github.io/rastrellierebologna/img/,https://ondata.github.io/rastrellierebologna/img/15182597637772097032540-11_49_43.jpg
44.502473,11.336717,2018-02-10T11:48:44.000+01:00,stands,8,no,unknown,Bologna,Del porto,,,9.5,1518259704235-1109066382-11_48_30.jpg,https://ondata.github.io/rastrellierebologna/img/,https://ondata.github.io/rastrellierebologna/img/1518259704235-1109066382-11_48_30.jpg
44.498553,11.335818,2018-02-10T11:48:10.000+01:00,wall_loops,10,no,yes,Bologna,,3,Già mappata su OSM come parcheggio bici,27.01499939,20180210_114757-11_48_4.jpg,https://ondata.github.io/rastrellierebologna/img/,https://ondata.github.io/rastrellierebologna/img/20180210_114757-11_48_4.jpg
44.487538,11.344334,2018-02-10T11:52:38.000+01:00,bollard,16,no,yes,Bologna,Salvo d'acquisto,,Alcuni anelli sono rotti,7,15182599003021028335767-11_52_2.jpg,https://ondata.github.io/rastrellierebologna/img/,https://ondata.github.io/rastrellierebologna/img/15182599003021028335767-11_52_2.jpg
44.498451,11.334755,2018-02-10T11:52:43.000+01:00,wall_loops,14,no,yes,Bologna,,,,26.74799919,20180210_115230-11_52_36.jpg,https://ondata.github.io/rastrellierebologna/img/,https://ondata.github.io/rastrellierebologna/img/20180210_115230-11_52_36.jpg
44.486754,11.341953,2018-02-10T11:44:50.000+01:00,wall_loops,6,no,yes,Bologna,del falcone,74,,5,image-11_44_43.jpg,https://ondata.github.io/rastrellierebologna/img/,https://ondata.github.io/rastrellierebologna/img/image-11_44_43.jpg
44.503419,11.344327,2018-02-10T11:52:19.000+01:00,wall_loops,16,no,yes,Bologna,Via Galliera,,,11,1518259910961932037398-11_52_11.jpg,https://ondata.github.io/rastrellierebologna/img/,https://ondata.github.io/rastrellierebologna/img/1518259910961932037398-11_52_11.jpg
44.501487,11.33692,2018-02-10T11:52:20.000+01:00,stands,20,no,yes,Bologna,,74,Parcheggio Istituto Professionale,6,1518259924473-143969207-11_52_16.jpg,https://ondata.github.io/rastrellierebologna/img/,https://ondata.github.io/rastrellierebologna/img/1518259924473-143969207-11_52_16.jpg
44.503475,11.344427,2018-02-10T11:54:32.000+01:00,wall_loops,10,no,yes,Bologna,Via Galliera,,,7,15182600150171085384248-11_53_52.jpg,https://ondata.github.io/rastrellierebologna/img/,https://ondata.github.io/rastrellierebologna/img/15182600150171085384248-11_53_52.jpg
44.495381,11.341153,2018-02-10T11:55:20.000+01:00,bollard,12,no,yes,Bologna,Oleari,,Spartitraffico in corrispondenza della porta,15.17000008,,https://ondata.github.io/rastrellierebologna/img/,https://ondata.github.io/rastrellierebologna/img/
44.500185,11.337802,2018-02-10T11:55:21.000+01:00,stands,10,no,yes,Bologna,,10,Alcuni anelli sono rotti angolo Via Montegrappa,6.599999905,1518260096661-869542319-11_55_3.jpg,https://ondata.github.io/rastrellierebologna/img/,https://ondata.github.io/rastrellierebologna/img/1518260096661-869542319-11_55_3.jpg
44.495709,11.340906,2018-02-10T11:57:09.000+01:00,bollard,24,no,yes,Bologna,Via Montegrappa,,2 stecche da 60 + 30,12.13599968,,https://ondata.github.io/rastrellierebologna/img/,https://ondata.github.io/rastrellierebologna/img/
44.498954,11.332897,2018-02-10T11:56:47.000+01:00,wall_loops,16,no,yes,Bologna,,21,,20.34399986,20180210_115630-11_56_41.jpg,https://ondata.github.io/rastrellierebologna/img/,https://ondata.github.io/rastrellierebologna/img/20180210_115630-11_56_41.jpg
44.498822,11.327429,2018-02-10T11:58:27.000+01:00,stands,8,no,private,Bologna,Viale Giovanni Vicini,,Più stecche,32.35699844,,https://ondata.github.io/rastrellierebologna/img/,https://ondata.github.io/rastrellierebologna/img/
44.499073,11.337725,2018-02-10T11:58:38.000+01:00,stands,14,no,yes,Bologna,Riva reno,,,8.199999809,1518260289997-1547585924-11_58_26.jpg,https://ondata.github.io/rastrellierebologna/img/,https://ondata.github.io/rastrellierebologna/img/1518260289997-1547585924-11_58_26.jpg
44.499147,11.327299,2018-02-10T12:01:14.000+01:00,wide_stands,10,no,yes,Bologna,Viale Vicini,,,20.73699951,,https://ondata.github.io/rastrellierebologna/img/,https://ondata.github.io/rastrellierebologna/img/
44.495761,11.340626,2018-02-10T12:01:32.000+01:00,bollard,12,no,yes,Bologna,Via De' Gessi,,Centralina ARPAE,18.20400047,,https://ondata.github.io/rastrellierebologna/img/,https://ondata.github.io/rastrellierebologna/img/
44.50405,11.344411,2018-02-10T12:01:18.000+01:00,wall_loops,90,no,yes,Bologna,Piazza 20 Settembre,8,,3,15182604242961577304339-12_1_6.jpg,https://ondata.github.io/rastrellierebologna/img/,https://ondata.github.io/rastrellierebologna/img/15182604242961577304339-12_1_6.jpg
44.487755,11.340929,2018-02-10T12:02:58.000+01:00,bollard,8,no,yes,Bologna,Solferino,,,8,1518260554163175781877-12_2_51.jpg,https://ondata.github.io/rastrellierebologna/img/,https://ondata.github.io/rastrellierebologna/img/1518260554163175781877-12_2_51.jpg
44.504095,11.344522,2018-02-10T12:03:06.000+01:00,wall_loops,86,no,yes,Bologna,Piazza 20 Settembre,,,3.900000095,15182605511228320482-12_3_0.jpg,https://ondata.github.io/rastrellierebologna/img/,https://ondata.github.io/rastrellierebologna/img/15182605511228320482-12_3_0.jpg
44.498464,11.33215,2018-02-10T11:59:50.000+01:00,wall_loops,12,no,yes,Bologna,,,Nike sharing,18.79199982,20180210_115908-11_59_45.jpg,https://ondata.github.io/rastrellierebologna/img/,https://ondata.github.io/rastrellierebologna/img/20180210_115908-11_59_45.jpg
44.498037,11.331052,2018-02-10T12:02:32.000+01:00,wall_loops,15,no,yes,Bologna,,,,19.5359993,20180210_120146-12_2_27.jpg,https://ondata.github.io/rastrellierebologna/img/,https://ondata.github.io/rastrellierebologna/img/20180210_120146-12_2_27.jpg
44.499002,11.327297,2018-02-10T12:02:46.000+01:00,wide_stands,6,no,yes,Bologna,Piazza di Porta San Felice,,,21.59000015,,https://ondata.github.io/rastrellierebologna/img/,https://ondata.github.io/rastrellierebologna/img/
44.501398,11.33589,2018-02-10T12:02:05.000+01:00,stands,8,no,yes,Bologna,,,,5.900000095,1518260511303-2116749092-12_1_57.jpg,https://ondata.github.io/rastrellierebologna/img/,https://ondata.github.io/rastrellierebologna/img/1518260511303-2116749092-12_1_57.jpg
44.498117,11.33124,2018-02-10T12:03:21.000+01:00,wall_loops,10,no,yes,Bologna,,,,19.1609993,20180210_120253-12_3_16.jpg,https://ondata.github.io/rastrellierebologna/img/,https://ondata.github.io/rastrellierebologna/img/20180210_120253-12_3_16.jpg
44.501477,11.336027,2018-02-10T12:04:52.000+01:00,stands,8,no,yes,Bologna,,,,5.900000095,1518260681438-108583777-12_4_48.jpg,https://ondata.github.io/rastrellierebologna/img/,https://ondata.github.io/rastrellierebologna/img/1518260681438-108583777-12_4_48.jpg
44.504038,11.34413,2018-02-10T12:04:31.000+01:00,stands,20,no,yes,Bologna,,,,5,241D4611-AE39-4B1D-9233-A53DF220FAD1-12_4_25.jpeg,https://ondata.github.io/rastrellierebologna/img/,https://ondata.github.io/rastrellierebologna/img/241D4611-AE39-4B1D-9233-A53DF220FAD1-12_4_25.jpeg
44.50147,11.335845,2018-02-10T12:04:18.000+01:00,stands,14,no,yes,Bologna,,28,,7.599999905,1518260648426900912170-12_4_12.jpg,https://ondata.github.io/rastrellierebologna/img/,https://ondata.github.io/rastrellierebologna/img/1518260648426900912170-12_4_12.jpg
44.495783,11.339227,2018-02-10T12:05:07.000+01:00,bollard,8,no,yes,Bologna,Montegrappa,,,15.17000008,,https://ondata.github.io/rastrellierebologna/img/,https://ondata.github.io/rastrellierebologna/img/
44.501655,11.33573,2018-02-10T12:05:33.000+01:00,stands,4,no,yes,Bologna,,,,4.800000191,15182607241391895967917-12_5_29.jpg,https://ondata.github.io/rastrellierebologna/img/,https://ondata.github.io/rastrellierebologna/img/15182607241391895967917-12_5_29.jpg
44.499072,11.327783,2018-02-10T12:06:08.000+01:00,wide_stands,8,no,yes,Bologna,Via San Felice,,,18.59499931,,https://ondata.github.io/rastrellierebologna/img/,https://ondata.github.io/rastrellierebologna/img/
44.503992,11.344063,2018-02-10T12:06:00.000+01:00,wall_loops,14,no,yes,Bologna,Piazza 20 Settembre,,Alcuni anelli sono rotti,5,15182607367251568731578-12_5_54.jpg,https://ondata.github.io/rastrellierebologna/img/,https://ondata.github.io/rastrellierebologna/img/15182607367251568731578-12_5_54.jpg
44.501565,11.335125,2018-02-10T12:07:26.000+01:00,wall_loops,5,no,costumer,Bologna,,,,5.400000095,1518260839193-510744252-12_7_24.jpg,https://ondata.github.io/rastrellierebologna/img/,https://ondata.github.io/rastrellierebologna/img/1518260839193-510744252-12_7_24.jpg
44.501657,11.335195,2018-02-10T12:06:58.000+01:00,wall_loops,8,no,costumer,Bologna,,,Interno scuola (difronte a 25f),4.699999809,1518260801146-1677211815-12_6_46.jpg,https://ondata.github.io/rastrellierebologna/img/,https://ondata.github.io/rastrellierebologna/img/1518260801146-1677211815-12_6_46.jpg
44.504061,11.343901,2018-02-10T12:07:47.000+01:00,wall_loops,12,no,yes,Bologna,Piazza 20 Settembre,,,4,1518260845043-1819815805-12_7_41.jpg,https://ondata.github.io/rastrellierebologna/img/,https://ondata.github.io/rastrellierebologna/img/1518260845043-1819815805-12_7_41.jpg
44.504176,11.344099,2018-02-10T12:07:25.000+01:00,wall_loops,32,no,yes,Bologna,,,Interno scuola di fronte a civico 19a,5,image-12_7_17.jpg,https://ondata.github.io/rastrellierebologna/img/,https://ondata.github.io/rastrellierebologna/img/image-12_7_17.jpg
44.501892,11.334452,2018-02-10T12:09:14.000+01:00,stands,12,no,yes,Bologna,,,,5.699999809,1518260946973-1528253985-12_9_11.jpg,https://ondata.github.io/rastrellierebologna/img/,https://ondata.github.io/rastrellierebologna/img/1518260946973-1528253985-12_9_11.jpg
44.495742,11.337428,2018-02-10T12:10:03.000+01:00,bollard,32,no,yes,Bologna,Ugo Bassi,,,10.61900043,,https://ondata.github.io/rastrellierebologna/img/,https://ondata.github.io/rastrellierebologna/img/
44.50399,11.343784,2018-02-10T12:09:26.000+01:00,wall_loops,58,no,yes,Bologna,,,,65,image-12_9_10.jpg,https://ondata.github.io/rastrellierebologna/img/,https://ondata.github.io/rastrellierebologna/img/image-12_9_10.jpg
44.498708,11.327753,2018-02-10T12:10:47.000+01:00,wide_stands,7,no,private,Bologna,Via Monaldo Calari,,Non mappata su OSM,18.66600037,,https://ondata.github.io/rastrellierebologna/img/,https://ondata.github.io/rastrellierebologna/img/
44.502313,11.33429,2018-02-10T12:11:12.000+01:00,stands,40,no,yes,Bologna,,,,5.300000191,1518261061438-1871536886-12_11_7.jpg,https://ondata.github.io/rastrellierebologna/img/,https://ondata.github.io/rastrellierebologna/img/1518261061438-1871536886-12_11_7.jpg
44.497883,11.32787,2018-02-10T12:13:22.000+01:00,wide_stands,10,no,private,Bologna,Via Monaldo Calari,160,,18.53199959,,https://ondata.github.io/rastrellierebologna/img/,https://ondata.github.io/rastrellierebologna/img/
44.502043,11.333892,2018-02-10T12:14:43.000+01:00,stands,8,no,yes,Bologna,Delle Lame,,,8,1518261236759727079737-12_14_12.jpg,https://ondata.github.io/rastrellierebologna/img/,https://ondata.github.io/rastrellierebologna/img/1518261236759727079737-12_14_12.jpg
44.495657,11.337199,2018-02-10T12:12:28.000+01:00,wall_loops,14,no,yes,Bologna,Ugo Bassi,51,Tipo wall loop,10.61900043,,https://ondata.github.io/rastrellierebologna/img/,https://ondata.github.io/rastrellierebologna/img/
44.488829,11.340202,2018-02-10T12:17:29.000+01:00,bollard,10,no,yes,Bologna,D'azzeglio,,,16.2329998,15182613340741978830149-12_15_42.jpg,https://ondata.github.io/rastrellierebologna/img/,https://ondata.github.io/rastrellierebologna/img/15182613340741978830149-12_15_42.jpg
44.503257,11.34237,2018-02-10T12:18:31.000+01:00,wall_loops,6,no,yes,Bologna,Angolo via Gramsci e via Milazzo,160,8 su 8 ok,6,1518261492555-207882095-12_18_25.jpg,https://ondata.github.io/rastrellierebologna/img/,https://ondata.github.io/rastrellierebologna/img/1518261492555-207882095-12_18_25.jpg
44.50177,11.334082,2018-02-10T12:18:52.000+01:00,rack,4,no,yes,Bologna,Delle lame,,,9.399999619,1518261518406-844897748-12_18_44.jpg,https://ondata.github.io/rastrellierebologna/img/,https://ondata.github.io/rastrellierebologna/img/1518261518406-844897748-12_18_44.jpg
44.495431,11.329051,2018-02-10T12:20:32.000+01:00,wide_stands,10,no,yes,Bologna,Via del Pratello,1,,18.53800011,,https://ondata.github.io/rastrellierebologna/img/,https://ondata.github.io/rastrellierebologna/img/
44.501285,11.333715,2018-02-10T12:20:35.000+01:00,stands,22,no,yes,Bologna,Cervellati,,,8.699999809,15182616090552032702852-12_20_27.jpg,https://ondata.github.io/rastrellierebologna/img/,https://ondata.github.io/rastrellierebologna/img/15182616090552032702852-12_20_27.jpg
44.503119,11.341907,2018-02-10T12:21:28.000+01:00,wall_loops,30,no,yes,Bologna,,,Angolo con via Brugnoli,10,image-12_20_44.jpg,https://ondata.github.io/rastrellierebologna/img/,https://ondata.github.io/rastrellierebologna/img/image-12_20_44.jpg
44.488732,11.339585,2018-02-10T12:22:22.000+01:00,bollard,12,no,yes,Bologna,Castelfidardo,11,13 su 14,6,15182615277711602277773-12_18_56.jpg,https://ondata.github.io/rastrellierebologna/img/,https://ondata.github.io/rastrellierebologna/img/15182615277711602277773-12_18_56.jpg
44.487093,11.343335,2018-02-10T11:51:57.000+01:00,bollard,8,no,yes,Bologna,savenella,18,Incrocio boccadilupo,5,image-11_51_49.jpg,https://ondata.github.io/rastrellierebologna/img/,https://ondata.github.io/rastrellierebologna/img/image-11_51_49.jpg
44.493885,11.338538,2018-02-10T12:21:59.000+01:00,bollard,6,no,yes,Bologna,Cesare Battisti,1,,6.06799984,,https://ondata.github.io/rastrellierebologna/img/,https://ondata.github.io/rastrellierebologna/img/
44.500425,11.334183,2018-02-10T12:22:58.000+01:00,stands,8,no,yes,Bologna,Luigi Calori,,4 su 4 ok,6.099999905,,https://ondata.github.io/rastrellierebologna/img/,https://ondata.github.io/rastrellierebologna/img/
44.498847,11.331423,2018-02-10T12:23:57.000+01:00,wall_loops,4,no,yes,Bologna,,1,8730,32,20180210_122329-12_23_53.jpg,https://ondata.github.io/rastrellierebologna/img/,https://ondata.github.io/rastrellierebologna/img/20180210_122329-12_23_53.jpg
44.500213,11.333548,2018-02-10T12:24:00.000+01:00,wall_loops,8,no,yes,Bologna,Luigi Calori,,,6.599999905,,https://ondata.github.io/rastrellierebologna/img/,https://ondata.github.io/rastrellierebologna/img/
44.488652,11.343202,2018-02-10T12:24:32.000+01:00,bollard,14,no,yes,Bologna,garibaldi angolo piazza tribunali,,,5,image-12_24_24.jpg,https://ondata.github.io/rastrellierebologna/img/,https://ondata.github.io/rastrellierebologna/img/image-12_24_24.jpg
44.488681,11.33793,2018-02-10T12:25:21.000+01:00,bollard,8,no,yes,Bologna,Castelfidardo,,Wall loop,9,1518261896277586691183-12_25_14.jpg,https://ondata.github.io/rastrellierebologna/img/,https://ondata.github.io/rastrellierebologna/img/1518261896277586691183-12_25_14.jpg
44.495474,11.32996,2018-02-10T12:25:46.000+01:00,wide_stands,10,no,yes,Bologna,Via del Pratello,1,6852,18.46299934,,https://ondata.github.io/rastrellierebologna/img/,https://ondata.github.io/rastrellierebologna/img/
44.489002,11.34251,2018-02-10T12:27:35.000+01:00,bollard,4,no,yes,Bologna,mattuiani,,,5,image-12_27_28.jpg,https://ondata.github.io/rastrellierebologna/img/,https://ondata.github.io/rastrellierebologna/img/image-12_27_28.jpg
44.494057,11.338897,2018-02-10T12:26:50.000+01:00,bollard,6,no,yes,Bologna,IV novembre,83,,12.13599968,,https://ondata.github.io/rastrellierebologna/img/,https://ondata.github.io/rastrellierebologna/img/
44.500045,11.334658,2018-02-10T12:27:22.000+01:00,stands,6,no,yes,Bologna,Delle lame,59,Già su OSM ma con numero sbagliato,8.899999619,15182620230231546651712-12_27_15.jpg,https://ondata.github.io/rastrellierebologna/img/,https://ondata.github.io/rastrellierebologna/img/15182620230231546651712-12_27_15.jpg
44.499366,11.335161,2018-02-10T12:30:30.000+01:00,stands,6,no,yes,Bologna,Delle Lame,,,18.51099968,1518262216232-1451392298-12_30_24.jpg,https://ondata.github.io/rastrellierebologna/img/,https://ondata.github.io/rastrellierebologna/img/1518262216232-1451392298-12_30_24.jpg
44.502568,11.340695,2018-02-10T12:25:45.000+01:00,wall_loops,13,no,yes,Bologna,,,,10,image-12_25_40.jpg,https://ondata.github.io/rastrellierebologna/img/,https://ondata.github.io/rastrellierebologna/img/image-12_25_40.jpg
44.493912,11.340918,2018-02-10T12:32:47.000+01:00,bollard,18,no,yes,Bologna,Piazza Galileo,54,,7.585000038,,https://ondata.github.io/rastrellierebologna/img/,https://ondata.github.io/rastrellierebologna/img/
44.49553,11.33189,2018-02-10T12:33:25.000+01:00,wide_stands,8,no,yes,Bologna,Via del Pratello,,,15.01799965,,https://ondata.github.io/rastrellierebologna/img/,https://ondata.github.io/rastrellierebologna/img/
44.498567,11.33577,2018-02-10T12:32:36.000+01:00,stands,10,no,yes,Bologna,,,Angolo con via san Lorenzo,5.099999905,1518262332149-360110716-12_32_30.jpg,https://ondata.github.io/rastrellierebologna/img/,https://ondata.github.io/rastrellierebologna/img/1518262332149-360110716-12_32_30.jpg
44.502807,11.339333,2018-02-10T12:34:00.000+01:00,wall_loops,6,no,yes,Bologna,Via Cairoli,,,4,15182624215632097032540-12_33_53.jpg,https://ondata.github.io/rastrellierebologna/img/,https://ondata.github.io/rastrellierebologna/img/15182624215632097032540-12_33_53.jpg
44.501007,11.333031,2018-02-10T12:34:54.000+01:00,wall_loops,6,no,yes,Bologna,,,,19.47800064,20180210_123352-12_34_49.jpg,https://ondata.github.io/rastrellierebologna/img/,https://ondata.github.io/rastrellierebologna/img/20180210_123352-12_34_49.jpg
44.500425,11.332923,2018-02-10T12:37:41.000+01:00,wall_loops,8,no,yes,Bologna,,,,19.34499931,20180210_123655-12_37_37.jpg,https://ondata.github.io/rastrellierebologna/img/,https://ondata.github.io/rastrellierebologna/img/20180210_123655-12_37_37.jpg
44.495553,11.332585,2018-02-10T12:37:43.000+01:00,wide_stands,10,no,yes,Bologna,Via del Pratello,,Non presente,19.60899925,,https://ondata.github.io/rastrellierebologna/img/,https://ondata.github.io/rastrellierebologna/img/
44.493242,11.340686,2018-02-10T12:37:51.000+01:00,bollard,20,no,yes,Bologna,Piazza Galileo,,,4.551000118,,https://ondata.github.io/rastrellierebologna/img/,https://ondata.github.io/rastrellierebologna/img/
44.497895,11.33622,2018-02-10T12:38:27.000+01:00,stands,4,no,yes,Bologna,Delle Lame,,,9.199999809,1518262690355-593711536-12_38_21.jpg,https://ondata.github.io/rastrellierebologna/img/,https://ondata.github.io/rastrellierebologna/img/1518262690355-593711536-12_38_21.jpg
44.495602,11.333591,2018-02-10T12:40:37.000+01:00,wide_stands,6,no,yes,Bologna,Via del Pratello,,,19.32099915,,https://ondata.github.io/rastrellierebologna/img/,https://ondata.github.io/rastrellierebologna/img/
44.493006,11.340686,2018-02-10T12:40:21.000+01:00,bollard,10,no,yes,Bologna,Piazza Galileo,25,6853,6.06799984,,https://ondata.github.io/rastrellierebologna/img/,https://ondata.github.io/rastrellierebologna/img/
44.495561,11.333726,2018-02-10T12:42:08.000+01:00,wide_stands,26,no,yes,Bologna,Via del Pratello,,,15.59899998,,https://ondata.github.io/rastrellierebologna/img/,https://ondata.github.io/rastrellierebologna/img/
44.502037,11.33957,2018-02-10T12:38:43.000+01:00,wall_loops,26,no,yes,Bologna,,4,,50,image-12_38_38.jpg,https://ondata.github.io/rastrellierebologna/img/,https://ondata.github.io/rastrellierebologna/img/image-12_38_38.jpg
44.495118,11.334688,2018-02-10T12:45:33.000+01:00,wide_stands,4,no,yes,Bologna,Piazza San Francesco,,,18.54899979,,https://ondata.github.io/rastrellierebologna/img/,https://ondata.github.io/rastrellierebologna/img/
44.502438,11.339901,2018-02-10T12:31:40.000+01:00,wall_loops,18,no,yes,Bologna,,,,10,image-12_30_59.jpg,https://ondata.github.io/rastrellierebologna/img/,https://ondata.github.io/rastrellierebologna/img/image-12_30_59.jpg
44.501927,11.337432,2018-02-10T12:45:52.000+01:00,wall_loops,14,no,yes,Bologna,,,Alcuni anelli sono rotti 5601,10,image-12_45_35.jpg,https://ondata.github.io/rastrellierebologna/img/,https://ondata.github.io/rastrellierebologna/img/image-12_45_35.jpg
44.493773,11.341265,2018-02-10T12:46:23.000+01:00,bollard,46,no,yes,Bologna,,4,,4.551000118,,https://ondata.github.io/rastrellierebologna/img/,https://ondata.github.io/rastrellierebologna/img/
44.494951,11.334682,2018-02-10T12:48:27.000+01:00,wide_stands,16,no,yes,Bologna,Piazza San Francesco,,,19.69199944,,https://ondata.github.io/rastrellierebologna/img/,https://ondata.github.io/rastrellierebologna/img/
44.500544,11.334291,2018-02-10T12:41:49.000+01:00,wall_loops,8,no,yes,Bologna,,,7 su 8 ok,18.83399963,20180210_124111-12_41_45.jpg,https://ondata.github.io/rastrellierebologna/img/,https://ondata.github.io/rastrellierebologna/img/20180210_124111-12_41_45.jpg
44.49374,11.341692,2018-02-10T12:50:13.000+01:00,bollard,32,no,yes,Bologna,IV Novembre,2,12 su 12 ok,16.68700027,,https://ondata.github.io/rastrellierebologna/img/,https://ondata.github.io/rastrellierebologna/img/
44.494948,11.334712,2018-02-10T12:50:21.000+01:00,wide_stands,4,no,yes,Bologna,Via de Marchi,,,16.40399933,,https://ondata.github.io/rastrellierebologna/img/,https://ondata.github.io/rastrellierebologna/img/
44.495548,11.342109,2018-02-10T12:57:23.000+01:00,bollard,18,no,yes,Bologna,Montegrappa,24,,15.17000008,,https://ondata.github.io/rastrellierebologna/img/,https://ondata.github.io/rastrellierebologna/img/
44.496719,11.334328,2018-02-10T12:57:15.000+01:00,wide_stands,10,no,yes,Bologna,Via San Felice,67,,18.06999969,,https://ondata.github.io/rastrellierebologna/img/,https://ondata.github.io/rastrellierebologna/img/
44.497384,11.332455,2018-02-10T13:00:38.000+01:00,wide_stands,10,no,yes,Bologna,Via san felice,1,,19.06399918,,https://ondata.github.io/rastrellierebologna/img/,https://ondata.github.io/rastrellierebologna/img/
44.492688,11.340548,2018-02-10T13:00:36.000+01:00,bollard,8,no,yes,Bologna,val d’aposa,12,,5,image-13_0_28.jpg,https://ondata.github.io/rastrellierebologna/img/,https://ondata.github.io/rastrellierebologna/img/image-13_0_28.jpg
44.491534,11.340074,2018-02-10T12:57:36.000+01:00,bollard,12,no,yes,Bologna,valdaposa,1,,5,image-12_57_31.jpg,https://ondata.github.io/rastrellierebologna/img/,https://ondata.github.io/rastrellierebologna/img/image-12_57_31.jpg
44.492691,11.34046,2018-02-10T13:01:28.000+01:00,bollard,4,no,yes,Bologna,Valdaposa,,,18.86300087,1518264013620730813381-13_0_20.jpg,https://ondata.github.io/rastrellierebologna/img/,https://ondata.github.io/rastrellierebologna/img/1518264013620730813381-13_0_20.jpg
44.498059,11.331218,2018-02-10T13:05:10.000+01:00,wide_stands,10,no,yes,Bologna,Via riva di reno,13,Angolo con via ferrarese,16.5340004,,https://ondata.github.io/rastrellierebologna/img/,https://ondata.github.io/rastrellierebologna/img/
44.49636,11.338184,2018-02-10T13:06:55.000+01:00,wall_loops,9,no,yes,Bologna,Belvedere,,Stazione Borgo Panigale,4.551000118,,https://ondata.github.io/rastrellierebologna/img/,https://ondata.github.io/rastrellierebologna/img/
44.498478,11.332225,2018-02-10T13:08:00.000+01:00,wide_stands,6,no,yes,Bologna,Riva di reno,,test,19.48200035,,https://ondata.github.io/rastrellierebologna/img/,https://ondata.github.io/rastrellierebologna/img/
44.497173,11.341697,2018-02-10T13:36:43.000+01:00,stands,8,no,yes,Bologna,,,,5.800000191,1518266189969-2124520316-13_36_38.jpg,https://ondata.github.io/rastrellierebologna/img/,https://ondata.github.io/rastrellierebologna/img/1518266189969-2124520316-13_36_38.jpg
44.501017,11.343377,2018-02-10T13:43:34.000+01:00,stands,10,no,yes,Bologna,,56,,4.599999905,1518266600548-1244206655-13_43_26.jpg,https://ondata.github.io/rastrellierebologna/img/,https://ondata.github.io/rastrellierebologna/img/1518266600548-1244206655-13_43_26.jpg
44.494904,11.330902,2018-02-10T14:36:22.000+01:00,wide_stands,14,no,yes,Bologna,Via Pietralata,,,19.11400032,,https://ondata.github.io/rastrellierebologna/img/,https://ondata.github.io/rastrellierebologna/img/
44.509941,11.347381,2018-02-11T19:51:31.000+01:00,bollard,6,no,yes,Bologna,Algardi,,,9.102000237,,https://ondata.github.io/rastrellierebologna/img/,https://ondata.github.io/rastrellierebologna/img/
44.515178,11.284507,2018-02-13T17:38:42.000+01:00,bollard,35,yes,yes,Bologna,,,,7.585000038,,https://ondata.github.io/rastrellierebologna/img/,https://ondata.github.io/rastrellierebologna/img/